{
  "project_info": {
    "project_number": "149932401918",
    "project_id": "greenguardiandb",
    "storage_bucket": "greenguardiandb.appspot.com"
  },
  "client": [
    {
      "client_info": {
        "mobilesdk_app_id": "1:149932401918:android:810201803049d980d331af",
        "android_client_info": {
          "package_name": "com.example.greenguardian"
        }
      },
      "oauth_client": [],
      "api_key": [
        {
          "current_key": "AIzaSyCIypfnQHq_mm_1Oap9HWDlGdnJxGL8V58"
        }
      ],
      "services": {
        "appinvite_service": {
          "other_platform_oauth_client": []
        }
      }
    }
  ],
  "configuration_version": "1"
}